src,dst
0,1
6,1
1,2
7,2
2,3
15,3
3,4
16,4
4,5
26,5
8,12
10,12
12,13
23,13
13,14
27,14
11,18
17,18
18,19
9,19
19,20
41,20
30,21
20,21
24,34
29,34
22,35
34,35
28,36
35,36
5,37
14,37
58,38
37,38
47,38
31,48
42,48
49,51
65,51
33,52
51,52
52,53
66,53
25,54
53,54
40,55
54,55
44,57
50,57
39,60
59,60
45,61
60,61
46,62
61,62
32,70
64,70
70,71
102,71
67,72
71,72
72,73
114,73
55,74
36,74
74,75
43,75
75,76
129,76
189,76
108,77
76,77
77,78
149,78
78,79
57,79
79,80
260,80
80,81
238,81
81,82
307,82
68,83
115,83
82,83
83,84
308,84
84,85
154,85
85,86
261,86
385,86
86,87
460,87
87,88
467,88
21,89
62,89
89,90
56,90
63,90
90,91
101,91
48,92
73,92
38,94
92,94
94,95
175,95
147,96
91,96
95,96
230,97
96,97
97,98
271,98
327,99
98,99
93,109
69,109
100,119
124,119
119,120
171,120
170,121
120,121
317,122
121,122
122,123
357,123
103,125
104,125
125,126
138,126
107,127
126,127
111,128
127,128
105,129
128,129
133,141
106,141
141,142
134,142
183,143
142,143
143,144
233,144
135,146
145,146
169,147
188,147
112,150
132,150
150,151
172,151
131,152
151,152
152,153
216,153
130,154
153,154
109,156
181,156
116,157
156,157
117,158
157,158
118,159
158,159
159,160
165,160
251,161
160,161
161,162
334,162
162,163
350,163
163,164
269,164
137,167
110,167
167,168
140,168
148,175
202,175
178,179
228,179
113,180
179,180
180,181
206,181
139,193
187,193
176,194
193,194
177,195
194,195
174,196
195,196
196,197
332,197
197,198
267,198
198,199
389,199
166,200
182,200
146,208
168,208
234,209
208,209
209,210
214,210
210,211
282,211
211,212
304,212
212,213
305,213
173,219
155,219
186,219
219,220
192,220
220,221
310,221
221,222
330,222
222,223
401,223
223,224
408,224
322,225
224,225
225,226
409,226
218,240
184,240
241,240
207,245
244,245
245,246
200,246
246,247
144,247
215,252
235,252
227,257
268,257
191,262
185,262
242,263
231,263
205,264
263,264
264,265
279,265
229,269
243,269
203,272
259,272
250,274
291,274
237,277
278,277
232,280
258,280
253,284
254,284
284,285
306,285
285,286
382,286
286,287
402,287
190,288
239,288
288,289
249,289
236,290
289,290
240,292
274,292
292,293
275,293
293,294
297,294
392,295
294,295
295,296
445,296
262,298
277,298
276,299
298,299
299,300
365,300
300,301
422,301
248,304
270,304
201,315
303,315
136,316
315,316
257,324
280,324
324,325
313,325
333,326
325,326
272,336
252,336
336,337
273,337
390,337
337,338
381,338
338,339
287,339
536,340
339,340
340,341
413,341
309,343
217,343
352,343
343,344
319,344
204,345
320,345
290,359
345,359
373,360
359,360
360,361
406,361
361,362
463,362
362,363
546,363
265,366
226,366
331,367
366,367
311,368
367,368
368,369
378,369
369,370
479,370
370,371
455,371
321,375
346,375
353,376
375,376
328,377
329,377
266,378
355,378
388,378
347,379
312,379
383,384
424,384
351,385
384,385
379,393
199,393
348,394
393,394
394,395
323,395
457,396
395,396
372,403
398,403
391,404
403,404
364,406
374,406
342,410
397,410
423,411
410,411
411,412
447,412
412,413
521,413
376,414
377,414
414,415
438,415
415,416
471,416
416,417
529,417
417,418
617,418
418,419
573,419
354,427
421,427
407,428
427,428
444,429
428,429
429,430
476,430
430,431
518,431
431,432
611,432
520,434
483,434
344,435
404,435
435,436
405,436
386,438
387,438
454,445
533,445
399,449
425,449
448,450
449,450
442,473
400,473
473,474
426,474
453,475
443,475
439,486
440,486
530,487
486,487
490,488
487,488
488,489
531,489
420,491
451,491
491,492
514,492
492,493
594,493
296,495
301,495
495,496
505,496
496,497
540,497
497,498
612,498
595,499
498,499
441,513
464,513
452,515
494,515
515,516
635,516
485,522
468,522
524,523
462,523
522,523
469,527
470,527
527,528
555,528
465,537
532,537
639,541
551,541
526,554
553,554
472,556
548,556
503,557
556,557
547,558
557,558
478,562
477,562
562,563
596,563
534,564
563,564
670,565
838,565
535,566
565,566
566,567
640,567
554,571
450,571
571,572
528,572
508,573
502,573
511,576
512,576
474,578
493,578
578,579
516,579
579,580
913,580
666,581
667,581
580,581
581,582
932,582
582,583
988,583
758,584
583,584
584,585
1023,585
513,588
537,588
588,589
592,589
576,590
589,590
590,591
842,591
523,599
630,599
599,600
587,600
509,602
574,602
549,603
577,603
603,604
719,604
550,605
593,605
538,606
605,606
606,607
843,607
607,608
744,608
560,609
517,609
475,610
619,610
539,619
561,619
918,620
626,620
739,622
922,622
622,623
926,623
624,629
674,629
461,630
629,630
510,633
504,633
633,634
559,634
834,637
722,637
854,638
637,638
723,641
856,641
613,642
641,642
552,643
642,643
601,646
616,646
632,647
646,647
586,649
610,649
954,649
432,650
649,650
650,651
1027,651
720,652
651,652
652,653
956,653
653,654
979,654
636,655
654,655
655,656
1014,656
656,657
957,657
980,657
657,658
981,658
658,659
915,659
602,663
558,663
906,668
835,668
627,669
668,669
597,670
669,670
600,675
1170,675
675,676
841,676
525,677
676,677
436,678
677,678
437,679
678,679
679,680
363,680
680,681
716,681
681,682
863,682
682,683
993,683
644,684
683,684
684,685
973,685
645,686
685,686
686,687
1125,687
742,688
687,688
572,689
688,689
689,690
939,690
727,691
690,691
691,692
1007,692
728,693
692,693
693,694
1008,694
694,695
1009,695
695,696
1057,696
647,697
696,697
419,698
697,698
729,699
698,699
1037,699
699,700
962,700
625,701
700,701
701,702
930,702
702,703
1364,703
663,704
703,704
704,705
1188,705
705,706
1078,706
618,707
706,707
707,708
1106,708
708,709
1010,709
709,710
718,710
489,711
710,711
711,712
931,712
648,713
712,713
575,714
713,714
743,715
714,715
736,722
855,722
631,727
717,727
959,735
833,735
860,737
921,737
671,738
737,738
615,739
738,739
861,741
1055,741
857,747
907,747
724,748
747,748
748,749
858,749
839,750
1005,750
750,751
947,751
628,752
751,752
614,753
752,753
948,756
1020,756
664,757
665,757
901,758
757,758
955,759
933,759
499,760
659,760
760,761
1620,761
761,762
1247,762
934,763
762,763
763,764
1047,764
830,765
764,765
765,766
991,766
564,767
766,767
767,768
982,768
371,769
768,769
769,770
905,770
456,771
770,771
771,772
936,772
480,773
772,773
773,774
831,774
519,775
774,775
775,776
832,776
776,777
853,777
777,778
917,778
778,779
967,779
779,780
735,780
396,781
780,781
660,781
326,782
781,782
782,783
620,783
356,784
783,784
302,785
784,785
785,786
481,786
349,787
786,787
787,788
638,788
788,789
621,789
164,790
789,790
790,791
541,791
281,792
791,792
792,793
466,793
793,794
433,794
794,795
567,795
247,796
795,796
314,797
796,797
316,798
797,798
798,799
500,799
799,800
482,800
800,801
643,801
213,802
801,802
802,803
434,803
803,804
458,804
335,805
804,805
380,806
805,806
806,807
749,807
807,808
753,808
484,808
808,809
568,809
99,810
809,810
810,811
542,811
811,812
506,812
123,813
812,813
813,814
623,814
283,815
814,815
815,816
569,816
318,817
816,817
817,818
672,818
446,819
818,819
819,820
662,820
358,821
820,821
821,822
598,822
507,823
822,823
459,824
823,824
824,825
909,825
825,826
543,826
826,827
740,827
341,828
827,828
840,829
828,829
916,832
943,832
944,834
937,834
938,836
919,836
836,837
920,837
661,838
837,838
859,839
945,839
731,844
732,844
844,845
746,845
966,845
845,846
1013,846
965,847
846,847
1012,848
847,848
848,849
1110,849
849,850
1173,850
850,851
1211,851
1039,852
851,852
715,864
1569,864
864,865
994,865
634,866
865,866
866,867
963,867
867,868
911,868
868,869
591,869
869,870
1264,870
870,871
1410,871
871,872
1109,872
604,873
872,873
608,874
873,874
874,875
1268,875
875,876
1147,876
876,877
1210,877
877,878
1437,878
878,879
1148,879
995,880
879,880
585,881
880,881
881,882
1472,882
1172,883
882,883
883,884
1542,884
1149,885
884,885
1084,886
885,886
886,887
1543,887
1200,888
887,888
852,889
888,889
889,890
1752,890
1269,891
890,891
891,892
1753,892
1367,893
892,893
893,894
1215,894
1754,894
894,895
1794,895
1677,896
895,896
896,897
1516,897
897,898
1878,898
898,899
1642,899
899,900
1796,900
958,904
1048,904
904,905
1015,905
745,912
914,912
730,913
912,913
964,913
970,922
960,922
923,924
986,924
924,925
908,925
755,926
925,926
910,929
987,929
734,934
721,934
978,941
997,941
985,946
984,946
754,947
946,947
941,949
1044,949
733,950
949,950
609,951
950,951
951,952
1024,952
952,953
759,953
953,954
903,954
940,974
902,974
989,975
974,975
975,976
977,976
1046,979
1028,979
998,990
1029,990
990,991
935,991
1021,992
1171,992
992,993
1399,993
1052,1004
1032,1004
1071,1005
1004,1005
1022,1007
1143,1007
1122,1021
1142,1021
1062,1025
1045,1025
1025,1026
1080,1026
1026,1027
942,1027
961,1034
1033,1034
1126,1037
1186,1037
1113,1043
1087,1043
1042,1044
1043,1044
1129,1045
1152,1045
1185,1057
1077,1057
1061,1062
1114,1062
1000,1065
1018,1065
1051,1066
1065,1066
1066,1067
1117,1067
1622,1068
1067,1068
1068,1069
1736,1069
1053,1072
1140,1072
1072,1073
1182,1073
1073,1074
1054,1074
927,1076
1075,1076
1058,1077
1145,1077
1030,1089
1002,1089
1089,1090
1196,1090
1070,1091
1090,1091
1001,1092
1091,1092
1181,1093
1092,1093
1088,1094
1093,1094
1094,1095
1354,1095
1503,1096
1095,1096
969,1097
1003,1097
1019,1098
1097,1098
1098,1099
1298,1099
1255,1100
1099,1100
1504,1101
1100,1101
1251,1104
1331,1104
1198,1106
1189,1106
1060,1111
1040,1111
1111,1112
1041,1112
1206,1123
1207,1123
1240,1124
1123,1124
1124,1125
1036,1125
999,1132
1049,1132
1017,1133
1132,1133
1133,1134
1050,1134
1134,1135
1274,1135
1031,1136
1138,1136
1136,1137
1226,1137
1038,1149
1011,1149
968,1154
983,1154
1081,1155
1154,1155
1225,1156
1155,1156
1102,1157
1103,1157
1157,1158
1119,1158
1139,1159
1158,1159
1159,1160
1313,1160
1250,1161
1160,1161
1326,1162
1161,1162
1340,1163
1162,1163
1238,1165
1239,1165
1056,1166
1165,1166
1006,1167
1166,1167
1121,1167
972,1168
1167,1168
862,1169
1168,1169
1169,1170
929,1170
1204,1171
1205,1171
1086,1176
1191,1176
996,1177
1176,1177
1177,1178
1337,1178
1242,1184
1342,1184
1253,1184
1144,1185
1184,1185
1179,1193
1246,1193
1193,1194
1222,1194
1127,1201
1128,1201
1201,1202
1150,1202
1286,1210
1287,1210
976,1212
1217,1212
1212,1213
1336,1213
1271,1214
1112,1214
1213,1214
1214,1215
1411,1215
1175,1216
1243,1216
1272,1216
1174,1217
1216,1217
1192,1218
1244,1218
1151,1219
1218,1219
1219,1220
1289,1220
1220,1221
1245,1221
1115,1223
1224,1223
1303,1230
1534,1230
1511,1230
1314,1231
1230,1231
1164,1232
1231,1232
1281,1233
1232,1233
1233,1234
1359,1234
1234,1235
971,1235
928,1236
1235,1236
1252,1237
1282,1237
1237,1238
1333,1238
1304,1239
1334,1239
1195,1249
1153,1249
1307,1261
1674,1261
1208,1262
1261,1262
1146,1263
1262,1263
1079,1264
1263,1264
1285,1267
1435,1267
1267,1268
1190,1268
1085,1271
1270,1271
1156,1275
1137,1275
1275,1276
1310,1276
1276,1277
1391,1277
1183,1280
1301,1280
1266,1285
1347,1285
1249,1290
1223,1290
1248,1291
1290,1291
1291,1292
1388,1292
1292,1293
1458,1293
1293,1294
1421,1294
1294,1295
1525,1295
1526,1296
1295,1296
1663,1297
1296,1297
1258,1302
1315,1302
1141,1303
1302,1303
1260,1306
1335,1306
1227,1311
1299,1311
1311,1312
1203,1312
1284,1319
1345,1319
1319,1320
1454,1320
1197,1324
1278,1324
1118,1325
1324,1325
1329,1327
1414,1327
1327,1328
1257,1328
1318,1343
1405,1343
1259,1344
1343,1344
1538,1346
1365,1346
1180,1353
1063,1353
1426,1356
1424,1356
1628,1357
1356,1357
1229,1358
1357,1358
1358,1359
1104,1359
1464,1360
1431,1360
1344,1361
1360,1361
1361,1362
1320,1362
1187,1363
1362,1363
1363,1364
1105,1364
1059,1364
1178,1370
1456,1370
1202,1371
1370,1371
1288,1372
1371,1372
1372,1373
1612,1373
1350,1374
1373,1374
1576,1374
1374,1375
1521,1375
1375,1376
1522,1376
1221,1377
1376,1377
1322,1378
1377,1378
1378,1379
1613,1379
1379,1380
1685,1380
1577,1381
1380,1381
1381,1382
1844,1382
1382,1383
2074,1383
1882,1383
1710,1384
1383,1384
1384,1385
1986,1385
1385,1386
1883,1386
1386,1387
1884,1387
1416,1393
1512,1393
1316,1394
1393,1394
1394,1395
1428,1395
1395,1396
1317,1396
1082,1397
1396,1397
1397,1398
1283,1398
1398,1399
1083,1399
1305,1401
1400,1401
1401,1402
1453,1402
1404,1403
1402,1403
1469,1406
1701,1406
1406,1407
1366,1407
1265,1408
1407,1408
1408,1409
1308,1409
1409,1410
1209,1410
1323,1420
1338,1420
1549,1424
1506,1424
1427,1425
1484,1425
1330,1426
1425,1426
1536,1431
1465,1431
1539,1433
1540,1433
1432,1434
1433,1434
1434,1435
1417,1435
1514,1436
1541,1436
1436,1437
1490,1437
1130,1444
1131,1444
1353,1445
1449,1445
1444,1446
1445,1446
1116,1447
1446,1447
1447,1448
1621,1448
1016,1449
1389,1449
1279,1451
1450,1451
1412,1455
1349,1455
1455,1456
1661,1456
1443,1457
1501,1457
1481,1459
1135,1459
1459,1460
1422,1460
1563,1464
1634,1464
1489,1469
1586,1469
1640,1471
1723,1471
1641,1471
1471,1472
1570,1472
1439,1474
1348,1474
1474,1475
1643,1475
1419,1479
1351,1479
1457,1480
1523,1480
1579,1480
1064,1481
1502,1481
1463,1486
1550,1486
1418,1491
1368,1491
1273,1492
1321,1492
1441,1494
1442,1494
1494,1495
1500,1495
1476,1496
1495,1496
1574,1497
1496,1497
1497,1498
1575,1498
1498,1499
1727,1499
1741,1508
1672,1508
1486,1509
1508,1509
1485,1510
1509,1510
1332,1511
1510,1511
1438,1515
1544,1515
1473,1516
1515,1516
1477,1518
1369,1518
1730,1523
1711,1523
1312,1527
1325,1527
1527,1528
1163,1528
1462,1529
1528,1529
1689,1532
1854,1532
1532,1533
1691,1533
1415,1534
1533,1534
1403,1551
1633,1551
1551,1552
1652,1552
1241,1553
1552,1553
1429,1554
1553,1554
1554,1555
1673,1555
1555,1556
1430,1556
1556,1557
1583,1557
1767,1557
1557,1558
2085,1558
1558,1559
1970,1559
1559,1560
2086,1560
1790,1561
1560,1561
1561,1562
1778,1562
1639,1564
1897,1564
1564,1565
1696,1565
1306,1566
1565,1566
1566,1567
1346,1567
1567,1568
1199,1568
1107,1569
1568,1569
1108,1569
1493,1572
1573,1572
1420,1578
1479,1578
1390,1580
1413,1580
1686,1581
1580,1581
1487,1583
1513,1583
1466,1584
1721,1584
1467,1585
1584,1585
1491,1588
1492,1588
1588,1589
1759,1589
1572,1590
1589,1590
1590,1591
1881,1591
1954,1591
1591,1592
2020,1592
1682,1593
1592,1593
1593,1594
2021,1594
1594,1595
1499,1595
1595,1596
2185,1596
1596,1597
1863,1597
1597,1598
2235,1598
1598,1599
2322,1599
1519,1602
1601,1602
1478,1603
1602,1603
1603,1604
1520,1604
1604,1605
1707,1605
1728,1606
1605,1606
1606,1607
1820,1607
1840,1608
1607,1608
1608,1609
1960,1609
1609,1610
2095,1610
1610,1611
2150,1611
1578,1614
1387,1614
1614,1615
1662,1615
1615,1616
1480,1616
1616,1617
1339,1617
1617,1618
1309,1618
1194,1619
1618,1619
1619,1620
1254,1620
1775,1625
1715,1625
1739,1626
1625,1626
1548,1627
1626,1627
1627,1628
1423,1628
1452,1630
1535,1630
1630,1631
1743,1631
1631,1632
1694,1632
1632,1633
1744,1633
1585,1635
1780,1635
1635,1636
1807,1636
1468,1637
1636,1637
1488,1638
1637,1638
1638,1639
1931,1639
1440,1644
1571,1644
1644,1645
1797,1645
1546,1648
1649,1648
1545,1654
1518,1654
1648,1654
1683,1655
1654,1655
1655,1656
1817,1656
1816,1657
1656,1657
1955,1658
1657,1658
2041,1659
1658,1659
1717,1672
1742,1672
1670,1688
1805,1688
1688,1689
1851,1689
1671,1690
1870,1690
1507,1691
1690,1691
1697,1695
1808,1695
1695,1696
1537,1696
1747,1698
1859,1698
1675,1699
1698,1699
1699,1700
1587,1700
1700,1701
1470,1701
1669,1714
1738,1714
1524,1732
1731,1732
1940,1733
1732,1733
1733,1734
1925,1734
1947,1740
1967,1740
1716,1741
1740,1741
1724,1749
1782,1749
1749,1750
1783,1750
1750,1751
1793,1751
1751,1752
1676,1752
1681,1755
1704,1755
1773,1756
1755,1756
1815,1757
1756,1757
1653,1758
1835,1758
1517,1759
1647,1759
1758,1759
1888,1761
1995,1761
1927,1762
1761,1762
1714,1763
1762,1763
1483,1764
1763,1764
1764,1765
1531,1765
1831,1766
1765,1766
1702,1768
1810,1768
1722,1769
1768,1769
1769,1770
1979,1770
1718,1776
1629,1776
1871,1777
1776,1777
1791,1780
1858,1780
1666,1788
1461,1788
1745,1790
1720,1790
1860,1794
1861,1794
1475,1795
1645,1795
1678,1796
1795,1796
1646,1798
1784,1798
1725,1799
1798,1799
1679,1800
1799,1800
1800,1801
2062,1801
1600,1816
1836,1816
1650,1818
1706,1818
1729,1821
1708,1821
1821,1822
1841,1822
1822,1823
1920,1823
1804,1824
1823,1824
2022,1825
1824,1825
1825,1826
2199,1826
1944,1829
1945,1829
1829,1830
1668,1830
1830,1831
1482,1831
1660,1837
1684,1837
1774,1842
1865,1842
1709,1843
1842,1843
1843,1844
1985,1844
2103,1852
2004,1852
2102,1853
1852,1853
1853,1854
1806,1854
1746,1857
1779,1857
1771,1872
1792,1872
1872,1873
1811,1873
1873,1874
1905,1874
1874,1875
2135,1875
1935,1876
1875,1876
1726,1879
1786,1879
1705,1880
1803,1880
1939,1881
1983,1881
2052,1888
1966,1888
1692,1890
1693,1890
1890,1891
1789,1891
1855,1892
1891,1892
1892,1893
1968,1893
1948,1896
1949,1896
1896,1897
1833,1897
1781,1899
1898,1899
1899,1900
1809,1900
1900,1901
2009,1901
1901,1902
2108,1902
1902,1903
2211,1903
1703,1904
1748,1904
1680,1907
1785,1907
1980,1908
1907,1908
1908,1909
2257,1909
2318,1910
1909,1910
1818,1915
1837,1915
1864,1916
1915,1916
1819,1916
1916,1917
2112,1917
1984,1918
1917,1918
1956,1919
1918,1919
2237,1919
1866,1921
1845,1921
1921,1922
2023,1922
1846,1923
1922,1923
1867,1924
1923,1924
1770,1932
1904,1932
1932,1933
1951,1933
1933,1934
2059,1934
2773,1941
2123,1941
1941,1942
2099,1942
2100,1943
2002,1943
1996,1948
2037,1948
1975,1949
2038,1949
1838,1958
1839,1958
2114,1959
1958,1959
2081,1966
2024,1966
1719,1969
1894,1969
1857,1971
1974,1971
1856,1972
1971,1972
1972,1973
2159,1973
1930,1974
2055,1974
1772,1981
1802,1981
2030,1990
2275,1990
1990,1991
2027,1991
1832,1992
1991,1992
1992,1993
2026,1993
1993,1994
2025,1994
1994,1995
1869,1995
1787,1999
1814,1999
1911,2000
1912,2000
1938,2014
1834,2014
1914,2015
2014,2015
2015,2016
1982,2016
2013,2017
2016,2017
2017,2018
2068,2018
2018,2019
2364,2019
2153,2025
2154,2025
2206,2026
2228,2026
2307,2028
2101,2028
1946,2029
2028,2029
1928,2030
2029,2030
1777,2033
1969,2033
2033,2034
2157,2034
2156,2035
2034,2035
1812,2039
1813,2039
1913,2040
1937,2040
2001,2045
1987,2045
2045,2046
1988,2046
2075,2047
2046,2047
2076,2047
2118,2048
2047,2048
2080,2051
2152,2051
2003,2052
2051,2052
2032,2054
1889,2054
1950,2057
1977,2057
1936,2060
1953,2060
1952,2061
2060,2061
1879,2064
1981,2064
2064,2065
2039,2065
2065,2066
2377,2066
2066,2067
2543,2067
1961,2069
2044,2069
2069,2070
2186,2070
2070,2071
2383,2071
2071,2072
2573,2072
2072,2073
2548,2073
2049,2078
2552,2078
2105,2083
2210,2083
1895,2084
2083,2084
2084,2085
2006,2085
1562,2087
1973,2087
2158,2088
2087,2088
2088,2089
2391,2089
2432,2090
2089,2090
2090,2091
2606,2091
2622,2092
2091,2092
2007,2106
2056,2106
2106,2107
2128,2107
2113,2112
2261,2112
2367,2119
2189,2119
2225,2121
2226,2121
2120,2122
2121,2122
2643,2123
2628,2123
2050,2125
2079,2125
2057,2129
1903,2129
1978,2130
2129,2130
2130,2131
2294,2131
2010,2132
2131,2132
2132,2133
2316,2133
2058,2134
2133,2134
1659,2137
1919,2137
2137,2138
2324,2138
2323,2139
2138,2139
1599,2140
2139,2140
2546,2141
2140,2141
2141,2142
2547,2142
2142,2143
2635,2143
2043,2144
2042,2144
2144,2145
1957,2145
2222,2146
2145,2146
2146,2147
2296,2147
2147,2148
2325,2148
2148,2149
2598,2149
2093,2160
2127,2160
1976,2163
2162,2163
2163,2164
2008,2164
2164,2165
2413,2165
2196,2166
2165,2166
2166,2167
2583,2167
2361,2168
2167,2168
2168,2169
2632,2169
2375,2170
2169,2170
2362,2171
2170,2171
2623,2171
2171,2172
2658,2172
2393,2173
2172,2173
2173,2174
2659,2174
2433,2175
2174,2175
2434,2176
2175,2176
2176,2177
2538,2177
2177,2178
2593,2178
2178,2179
2792,2179
2704,2180
2179,2180
2000,2182
2040,2182
1880,2183
2182,2183
2183,2184
2544,2184
2097,2188
2117,2188
2369,2202
2578,2202
2202,2203
2204,2203
1929,2209
2195,2209
2134,2212
1934,2212
2414,2212
2212,2213
2415,2213
2232,2214
2213,2214
2214,2215
2660,2215
2317,2216
2215,2216
2094,2219
2111,2219
2110,2220
2219,2220
2053,2229
2031,2229
2109,2234
2218,2234
2238,2237
2365,2237
2193,2250
2372,2250
2104,2251
2250,2251
2251,2252
2406,2252
2194,2253
2252,2253
2253,2254
2559,2254
2254,2255
2560,2255
2263,2264
2384,2264
2187,2265
2264,2265
2096,2266
2265,2266
2115,2267
2266,2267
2418,2267
2267,2268
2550,2268
2116,2269
2268,2269
2553,2271
2642,2271
2271,2272
2726,2272
2078,2273
2272,2273
2276,2274
2400,2274
2245,2275
2274,2275
2192,2277
2126,2277
2277,2278
2208,2278
2054,2281
2255,2281
2281,2282
2430,2282
1893,2283
2282,2283
2082,2284
2283,2284
2284,2285
2209,2285
2561,2285
2285,2286
2591,2286
2373,2287
2286,2287
2287,2288
2687,2288
2160,2290
2107,2290
2290,2291
2230,2291
2291,2292
2314,2292
2292,2293
2412,2293
1959,2297
1611,2297
2149,2298
2297,2298
2398,2300
2385,2300
2420,2301
2300,2301
2301,2302
2098,2302
2425,2303
2603,2303
2205,2304
2305,2304
2161,2314
2315,2314
2198,2321
2260,2321
2221,2323
2236,2323
2188,2326
2269,2326
2326,2327
2223,2327
2327,2328
2574,2328
2328,2329
2332,2329
2694,2330
2329,2330
2224,2331
2330,2331
2308,2335
2557,2335
2335,2336
2427,2336
2336,2337
2388,2337
2337,2338
2579,2338
2207,2339
2338,2339
2339,2340
2700,2340
2005,2341
2340,2341
2341,2342
2679,2342
2342,2343
2428,2343
2229,2344
2343,2344
2155,2345
2344,2345
2246,2346
2345,2346
2346,2347
2682,2347
2347,2348
2701,2348
2247,2349
2348,2349
2349,2350
2683,2350
2248,2351
2350,2351
2351,2352
2742,2352
2309,2353
2352,2353
2310,2354
2353,2354
2278,2355
2354,2355
2355,2356
2619,2356
2356,2357
2756,2357
2357,2358
2791,2358
2620,2359
2358,2359
2630,2360
2359,2360
2386,2370
2424,2370
2012,2377
2259,2377
1826,2379
2073,2379
2262,2380
2379,2380
2380,2381
2584,2381
2381,2382
2636,2382
2678,2388
2558,2388
2313,2390
2582,2390
2390,2391
2537,2391
2197,2395
2295,2395
2395,2396
2545,2396
2676,2399
2588,2399
2279,2402
2249,2402
2402,2403
2280,2403
2403,2404
2621,2404
2580,2405
2404,2405
2036,2407
2312,2407
2407,2408
2536,2408
2392,2410
2256,2410
2410,2411
2566,2411
2411,2412
2607,2412
2567,2415
2594,2415
3095,2422
3071,2422
2387,2426
2604,2426
2409,2431
2592,2431
2289,2432
2431,2432
2569,2435
2832,2435
2435,2436
2596,2436
4173,2437
2697,2437
1847,2438
2437,2438
2438,2439
2575,2439
2239,2440
2439,2440
1734,2441
2440,2441
2077,2442
2441,2442
1868,2443
2442,2443
1297,2444
2443,2444
2444,2445
2240,2445
1352,2446
2445,2446
1448,2447
2446,2447
2447,2448
1989,2448
1827,2449
2448,2449
1664,2450
2449,2450
2450,2451
2119,2451
1665,2452
2451,2452
1735,2453
2452,2453
2453,2454
2302,2454
2454,2455
1962,2455
1460,2456
2455,2456
1069,2457
2456,2457
2457,2458
2122,2458
1096,2459
2458,2459
1355,2460
2459,2460
2460,2461
1885,2461
1581,2462
2461,2462
2273,2462
1760,2463
2462,2463
2463,2464
1963,2464
2464,2465
2227,2465
1651,2466
2465,2466
1277,2467
2466,2467
1687,2468
2467,2468
1101,2469
2468,2469
2469,2470
1942,2470
1788,2471
2470,2471
2471,2472
2602,2472
2472,2473
2421,2473
2473,2474
1943,2474
1582,2475
2474,2475
1529,2476
2475,2476
2476,2477
1848,2477
2477,2478
1505,2478
2478,2479
2805,2479
1530,2480
2479,2480
2480,2481
1964,2481
1547,2482
1712,2482
2481,2482
2482,2483
1849,2483
2483,2484
1926,2484
2530,2484
2484,2485
2333,2485
1886,2486
2485,2486
2486,2487
2422,2487
1828,2488
2487,2488
2488,2489
2531,2489
2489,2490
2399,2490
2490,2491
2203,2491
1623,2492
2491,2492
2492,2493
2423,2493
1451,2494
2493,2494
2494,2495
2648,2495
1341,2496
2495,2496
2496,2497
1850,2497
2497,2498
2243,2498
2498,2499
1737,2499
1392,2500
2499,2500
2500,2501
1624,2501
1300,2502
2501,2502
2502,2503
2789,2503
1074,2504
2503,2504
2504,2505
1667,2505
2505,2506
1713,2506
1280,2507
2506,2507
1256,2508
2507,2508
1034,2509
2508,2509
1035,2510
2509,2510
2510,2511
1766,2511
1076,2512
2511,2512
1120,2513
2512,2513
2513,2514
1228,2514
2514,2515
1328,2515
829,2516
2515,2516
501,2517
2516,2517
2517,2518
741,2518
544,2519
2518,2519
725,2519
2519,2520
1236,2520
2520,2521
673,2521
2521,2522
726,2522
88,2523
2522,2523
570,2523
255,2524
2523,2524
2524,2525
756,2525
256,2526
2525,2526
2526,2527
545,2527
2727,2530
2855,2530
2306,2533
2334,2533
2244,2534
2533,2534
2589,2535
2534,2535
1998,2539
1862,2539
2217,2540
2539,2540
2319,2543
2258,2543
2378,2544
2571,2544
2576,2553
2618,2553
2426,2555
2651,2555
2555,2556
2880,2556
2035,2562
2288,2562
2389,2563
2562,2563
2688,2563
2563,2564
2408,2564
2564,2565
2631,2565
2366,2575
2419,2575
2748,2595
2846,2595
2736,2612
2673,2612
2551,2613
2528,2613
2586,2614
2613,2614
2614,2615
2587,2615
2615,2616
2713,2616
2549,2626
2585,2626
2371,2630
2605,2630
2633,2634
2866,2634
2675,2641
2770,2641
2641,2642
2554,2642
2677,2645
2778,2645
2532,2646
2645,2646
2646,2647
2650,2647
2242,2648
2647,2648
2699,2649
2897,2649
2826,2650
2649,2650
2629,2651
2715,2651
2231,2654
2656,2654
2654,2655
2762,2655
2662,2661
2858,2661
2220,2663
2321,2663
2663,2664
2665,2664
2600,2667
2626,2667
2693,2667
2667,2668
2627,2668
2668,2669
2672,2669
2669,2670
2794,2670
2670,2671
2890,2671
2644,2677
2777,2677
2741,2680
2729,2680
2680,2681
2790,2681
2590,2682
2681,2682
2374,2689
2581,2689
2689,2690
2652,2690
2599,2693
2753,2693
2711,2695
2953,2695
2695,2696
2712,2696
2638,2697
2696,2697
2298,2705
2382,2705
2705,2706
2710,2706
2769,2707
2706,2707
2707,2708
2735,2708
2911,2709
2708,2709
2754,2711
4221,2711
2610,2718
2611,2718
2718,2719
2859,2719
2797,2724
2798,2724
2724,2725
2853,2725
2529,2726
2725,2726
2740,2728
2776,2728
2429,2730
2311,2730
2401,2731
2730,2731
2617,2737
2640,2737
2738,2739
2854,2739
2775,2739
2684,2743
2685,2743
2702,2744
2743,2744
2717,2749
2793,2749
2417,2751
2765,2751
2860,2754
5066,2754
2703,2760
2716,2760
2625,2767
2720,2767
2766,2768
2767,2768
2894,2771
2861,2771
2774,2772
2771,2772
2577,2773
2772,2773
2835,2778
2863,2778
2556,2779
3707,2779
2535,2780
2779,2780
2304,2781
2780,2781
2931,2782
2781,2782
2714,2783
2782,2783
2783,2784
2303,2784
2370,2785
2784,2785
2785,2786
2125,2786
2786,2787
2191,2787
1887,2788
2787,2788
1965,2789
2788,2789
2927,2795
3297,2795
2915,2800
3015,2800
2799,2801
2800,2801
2755,2801
2739,2802
2801,2802
2368,2803
2802,2803
2803,2804
2124,2804
2804,2805
2241,2805
2190,2805
2637,2822
2721,2822
2822,2823
2925,2823
2825,2824
2823,2824
2891,2834
2998,2834
2686,2838
2757,2838
2837,2839
2838,2839
2839,2840
2829,2840
2840,2841
2900,2841
2657,2842
2746,2842
2813,2843
2842,2843
2913,2860
2892,2860
2821,2870
2871,2870
2796,2872
2852,2872
2808,2879
2918,2879
2807,2880
2879,2880
2809,2882
2881,2882
2882,2883
2884,2883
2810,2886
2830,2886
2937,2892
3025,2892
2875,2895
2955,2895
2733,2901
2747,2901
2844,2902
2901,2902
2887,2904
2963,2904
2904,2905
2973,2905
2905,2906
2923,2906
2764,2907
2906,2907
2926,2913
2985,2913
2930,2915
2954,2915
2862,2916
2970,2916
2971,2917
3129,2917
2745,2920
2899,2920
2857,2921
2763,2921
3247,2927
3085,2927
2929,2930
3013,2930
3099,2932
3100,2932
4326,2938
3890,2938
2872,2939
2938,2939
2851,2940
2939,2940
2737,2941
2940,2941
2941,2942
3110,2942
2942,2943
3027,2943
2639,2944
2943,2944
2944,2945
3060,2945
2616,2946
2945,2946
2946,2947
3127,2947
2723,2948
2947,2948
2948,2949
2850,2949
2949,2950
3026,2950
2950,2951
2986,2951
2698,2952
2951,2952
2952,2953
2795,2953
3128,2954
3112,2954
2988,2956
3017,2956
2885,2957
2828,2957
2991,2958
2957,2958
2962,2960
3038,2960
2960,2961
3022,2961
3053,2975
3054,2975
2965,2976
2975,2976
3228,2977
3184,2977
3055,2978
3005,2978
3328,2993
3329,2993
3057,2994
3083,2994
2994,2995
3313,2995
3061,3000
3193,3000
3056,3005
3185,3005
3088,3014
3114,3014
2916,3015
3014,3015
2898,3029
3044,3029
3029,3030
3252,3030
3030,3031
3115,3031
2827,3032
3031,3032
3032,3033
3116,3033
3002,3034
3033,3034
2936,3041
2983,3041
3041,3042
3009,3042
3273,3046
3274,3046
3131,3047
3046,3047
3360,3055
3229,3055
3010,3058
2912,3058
3072,3064
3130,3064
3064,3065
3197,3065
2896,3066
3065,3066
3066,3067
3272,3067
3067,3068
3096,3068
3068,3069
3303,3069
2917,3070
3069,3070
2806,3071
3070,3071
3016,3072
3073,3072
2883,3076
3034,3076
3306,3077
3254,3077
3118,3080
3352,3080
3021,3081
3080,3081
3504,3084
3192,3084
2987,3087
3012,3087
3234,3088
3319,3088
3249,3089
3320,3089
3063,3090
3089,3090
3090,3091
3398,3091
3028,3092
3091,3092
3092,3093
3001,3093
2895,3094
3093,3094
2876,3094
2728,3095
3094,3095
3019,3097
3075,3097
3074,3098
3097,3098
3378,3108
3231,3108
3248,3110
3269,3110
3195,3113
3232,3113
3113,3114
3233,3114
3239,3118
3330,3118
3039,3121
3242,3121
3400,3130
3251,3130
3222,3132
3607,3132
3132,3133
3307,3133
3133,3134
3345,3134
2841,3135
3134,3135
3135,3136
3499,3136
2886,3137
3136,3137
3003,3137
3137,3138
3223,3138
2811,3139
3138,3139
2565,3140
3139,3140
3140,3141
3037,3141
3141,3142
3004,3142
2690,3143
3142,3143
3143,3144
3238,3144
3144,3145
2992,3145
2812,3146
3145,3146
3146,3147
3258,3147
2758,3148
3147,3148
2759,3149
3148,3149
3149,3150
3078,3150
2092,3151
3150,3151
2653,3152
3151,3152
3152,3153
3374,3153
3153,3154
2932,3154
2760,3155
3154,3155
2761,3156
3155,3156
3156,3157
3259,3157
3157,3158
3079,3158
2732,3159
3158,3159
3159,3160
2933,3160
2293,3161
3160,3161
2655,3162
3161,3162
3162,3163
3326,3163
2843,3164
3163,3164
3327,3164
3164,3165
3177,3165
3165,3166
3643,3166
3166,3167
3178,3167
2959,3168
3167,3168
2902,3169
3168,3169
3169,3170
3225,3170
2921,3171
3170,3171
3171,3172
3101,3172
2972,3173
3172,3173
2903,3174
3173,3174
2180,3175
3174,3175
3309,3178
3389,3178
2974,3183
3051,3183
3334,3187
3292,3187
3186,3188
3187,3188
3105,3189
3188,3189
3076,3198
3464,3198
2958,3199
3198,3199
3020,3200
3199,3200
3200,3201
3956,3201
3201,3202
3402,3202
3035,3203
3202,3203
3203,3204
3321,3204
3036,3205
3204,3205
3205,3206
3494,3206
3206,3207
3045,3207
2856,3208
3207,3208
3208,3209
2919,3209
2360,3210
3209,3210
2731,3211
3210,3211
3211,3212
3047,3212
3212,3213
3117,3213
2405,3214
3213,3214
3214,3215
3048,3215
3215,3216
3077,3216
2836,3217
3216,3217
3217,3218
3237,3218
2744,3219
3218,3219
2920,3220
3219,3220
3220,3221
3049,3221
3221,3222
3277,3222
3372,3223
3278,3223
3121,3243
3263,3243
3006,3244
3243,3244
3270,3249
3413,3249
3521,3255
3611,3255
3255,3256
3308,3256
3256,3257
3224,3257
3176,3258
3257,3258
3429,3259
3346,3259
3311,3263
3361,3263
3458,3271
3250,3271
3196,3272
3271,3272
3371,3276
3344,3276
3275,3277
3276,3277
3181,3282
3261,3282
3282,3283
3376,3283
3102,3284
3283,3284
3119,3285
3284,3285
3182,3286
3285,3286
3286,3287
3353,3287
3120,3288
3287,3288
3240,3289
3288,3289
3103,3290
3289,3290
3335,3292
3362,3292
3382,3294
3383,3294
3294,3295
3317,3295
3126,3296
3295,3296
3293,3297
3296,3297
3386,3301
3473,3301
3399,3302
3301,3302
3302,3303
3304,3303
3472,3320
3414,3320
3430,3323
3405,3323
3280,3324
3323,3324
3324,3325
3260,3325
3325,3326
3347,3326
3502,3333
3421,3333
3314,3334
3333,3334
3388,3346
3419,3346
3281,3348
3332,3348
3348,3349
3583,3349
3407,3350
3349,3350
3350,3351
3180,3351
3351,3352
3331,3352
3548,3356
3411,3356
3633,3373
3636,3373
3279,3374
3373,3374
3453,3379
3454,3379
3379,3380
3357,3380
3380,3381
3125,3381
3300,3385
3368,3385
3451,3392
3503,3392
3391,3393
3392,3393
3107,3394
3393,3394
3343,3401
3358,3401
3336,3409
3363,3409
3575,3428
3576,3428
3427,3429
3428,3429
3466,3439
3544,3439
3439,3440
3558,3440
3440,3441
3354,3441
3262,3442
3441,3442
3052,3443
3442,3443
3443,3444
3310,3444
3023,3445
3444,3445
3445,3446
3241,3446
3446,3447
3227,3447
3447,3448
3104,3448
3455,3456
3623,3456
3401,3460
3474,3460
3668,3460
3460,3461
3475,3461
3305,3462
3461,3462
3462,3463
3425,3463
3253,3464
3463,3464
3390,3468
3408,3468
3546,3469
3547,3469
3452,3470
3469,3470
3486,3471
3565,3471
3342,3474
3553,3474
3488,3475
3629,3475
3404,3476
3417,3476
3586,3478
3756,3478
3438,3479
3478,3479
3603,3490
3573,3490
3490,3491
3630,3491
3491,3492
3415,3492
3370,3493
3492,3493
3236,3494
3493,3494
3555,3496
3556,3496
3495,3497
3496,3497
3497,3498
3517,3498
3498,3499
3322,3499
3513,3510
3650,3510
3235,3511
3510,3511
3511,3512
3540,3512
3652,3518
3608,3518
3518,3519
3712,3519
3519,3520
3669,3520
3520,3521
3522,3521
3534,3528
3587,3528
3545,3529
3528,3529
3420,3530
3529,3530
3312,3531
3530,3531
3264,3532
3531,3532
3532,3533
3082,3533
3621,3538
3622,3538
3514,3541
3708,3541
3403,3554
3542,3554
3625,3562
3649,3562
3507,3563
3562,3563
3563,3564
3551,3564
3457,3566
3508,3566
3566,3567
3662,3567
3397,3568
3567,3568
3601,3569
3693,3569
3369,3570
3569,3570
3340,3571
3570,3571
3571,3572
3459,3572
3734,3579
3654,3579
3526,3580
3579,3580
3433,3581
3580,3581
3432,3582
3581,3582
3527,3584
3655,3584
3434,3585
3584,3585
3659,3588
3771,3588
3536,3589
3588,3589
3589,3590
3423,3590
3561,3591
3675,3591
3487,3596
3509,3596
3595,3597
3596,3597
3627,3598
3597,3598
3598,3599
3842,3599
3599,3600
4327,3600
3909,3604
4016,3604
3604,3605
3711,3605
3605,3606
3516,3606
3606,3607
3418,3607
3729,3609
3670,3609
3543,3610
3609,3610
3610,3611
3387,3611
3873,3613
3615,3613
3613,3614
3872,3614
3480,3616
3559,3616
3467,3617
3616,3617
3481,3618
3617,3618
3838,3620
3814,3620
3506,3624
3723,3624
3671,3631
3677,3631
3631,3632
3678,3632
3359,3633
3632,3633
3730,3634
3679,3634
3574,3635
3634,3635
3635,3636
3713,3636
3523,3637
3557,3637
3637,3638
3781,3638
3524,3639
3638,3639
3753,3639
3715,3639
3500,3640
3639,3640
3406,3641
3640,3641
3732,3641
3641,3642
3525,3642
3642,3643
3501,3643
3869,3653
3733,3653
3736,3656
4367,3656
3656,3657
3646,3657
3628,3666
3726,3666
3666,3667
3845,3667
3667,3668
3821,3668
3854,3688
4241,3688
3661,3689
3688,3689
3689,3690
3355,3690
3844,3694
3895,3694
3694,3695
3665,3695
3512,3696
3695,3696
3696,3697
3539,3697
3749,3698
3697,3698
3424,3699
3698,3699
3341,3699
3699,3700
3098,3700
2990,3701
3700,3701
3572,3702
3701,3702
3702,3703
2989,3703
3018,3704
3703,3704
2956,3705
3704,3705
3705,3706
2877,3706
3706,3707
2878,3707
3752,3709
3996,3709
3709,3710
3861,3710
3750,3710
3710,3711
3676,3711
3987,3719
3796,3719
3648,3720
3719,3720
3550,3721
3720,3721
3721,3722
3549,3722
3758,3736
3974,3736
3950,3745
4011,3745
3664,3746
3745,3746
3746,3747
3819,3747
3747,3748
3820,3748
3748,3749
3843,3749
3728,3751
3862,3751
3651,3752
3751,3752
3686,3759
5448,3759
4983,3759
3619,3760
3759,3760
3482,3761
3760,3761
3761,3762
3737,3762
3422,3763
3762,3763
3763,3764
3851,3764
3468,3765
3764,3765
3810,3765
3765,3766
3919,3766
3409,3767
3766,3767
3767,3768
3983,3768
3768,3769
3364,3769
3744,3773
3818,3773
3773,3774
3891,3774
3727,3777
3896,3777
3680,3783
3782,3783
3783,3784
3716,3784
3717,3785
3826,3785
3683,3789
3684,3789
3788,3789
3644,3790
3789,3790
3874,3791
3875,3791
3663,3798
3724,3798
3626,3798
3798,3799
3725,3799
3799,3800
3775,3800
3922,3802
3993,3802
3846,3803
3802,3803
3976,3809
4176,3809
3808,3810
3809,3810
4222,3816
3880,3816
3714,3825
3731,3825
3934,3828
3936,3828
3828,3829
3836,3829
3807,3830
3829,3830
3672,3831
3830,3831
3755,3832
3831,3832
3832,3833
3479,3833
3833,3834
3437,3834
3436,3835
3834,3835
3992,3844
4012,3844
4206,3847
3868,3847
3718,3850
3792,3850
3878,3854
3984,3854
3743,3857
3797,3857
4254,3860
3923,3860
3913,3868
4174,3868
3812,3877
3852,3877
4996,3881
3989,3881
3881,3882
3772,3882
3882,3883
3624,3883
4958,3884
3883,3884
3456,3885
3884,3885
3885,3886
3396,3886
3338,3887
3886,3887
3318,3888
3887,3888
3888,3889
3086,3889
3043,3890
3889,3890
3801,3892
3776,3892
4201,3893
4225,3893
3859,3894
3893,3894
3894,3895
4187,3895
3957,3897
4202,3897
3897,3898
4226,3898
3898,3899
4013,3899
3778,3900
3899,3900
3900,3901
3958,3901
3901,3902
3860,3902
3554,3903
3902,3903
3515,3904
3903,3904
3426,3905
3904,3905
3416,3906
3905,3906
3906,3907
3926,3907
3476,3908
3907,3908
3908,3909
3779,3909
3910,3924
4203,3924
3924,3925
4204,3925
3804,3926
3925,3926
3824,3927
3912,3927
3805,3928
3865,3928
3999,3929
4336,3929
3914,3930
3929,3930
3930,3931
3785,3931
3582,3932
3682,3932
3931,3932
3932,3933
3431,3933
4004,3934
4175,3934
4287,3935
4264,3935
3935,3936
3916,3936
3877,3942
4197,3942
3942,3943
4295,3943
3813,3944
3943,3944
3944,3945
4346,3945
4275,3951
4329,3951
3777,3952
3951,3952
3952,3953
3803,3953
3953,3954
3602,3954
3541,3955
3954,3955
3955,3956
3489,3956
3911,3962
3864,3962
3962,3963
3997,3963
3963,3964
4229,3964
3825,3965
3927,3965
3928,3966
3965,3966
3966,3967
4018,3967
3967,3968
4230,3968
4002,3969
4286,3969
3806,3970
3969,3970
3917,3971
4193,3971
3787,3972
3971,3972
3972,3973
4360,3973
4007,3977
4557,3977
4603,3977
3811,3978
3977,3978
4372,3979
3978,3979
3770,3980
3979,3980
3980,3981
3687,3981
3939,3982
3981,3982
3658,3983
3982,3983
4008,3985
4199,3985
3985,3986
4177,3986
3857,3988
4246,3988
3856,3989
3988,3989
3858,3991
3841,3991
4277,3994
4256,3994
3994,3995
4278,3995
3995,3996
4356,3996
4231,3999
4434,3999
3870,4000
4207,4000
4000,4001
4458,4001
3735,4002
4001,4002
3940,4007
4236,4007
3892,4010
3600,4010
4330,4013
4253,4013
4475,4014
4332,4014
3959,4015
4014,4015
4015,4016
3822,4016
4878,4019
4817,4019
3784,4020
4019,4020
4020,4021
4261,4021
3612,4022
4021,4022
3681,4022
4022,4023
3847,4023
3577,4024
4023,4024
4024,4025
3578,4025
4025,4026
3754,4026
4026,4027
3465,4027
4027,4028
3653,4028
4028,4029
3933,4029
4029,4030
3375,4030
4030,4031
3179,4031
3175,4032
4031,4032
4032,4033
3050,4033
2922,4034
4033,4034
4034,4035
2993,4035
2691,4036
4035,4036
4036,4037
3081,4037
2831,4038
4037,4038
2734,4039
4038,4039
4039,4040
2864,4040
4040,4041
2961,4041
2216,4042
4041,4042
2394,4043
4042,4043
1876,4044
4043,4044
4044,4045
2845,4045
2061,4046
4045,4046
4046,4047
2595,4047
1877,4048
4047,4048
2568,4048
4048,4049
2814,4049
4049,4050
2907,4050
2011,4051
4050,4051
4051,4052
2661,4052
2233,4053
4052,4053
2376,4053
4053,4054
2416,4054
2136,4055
4054,4055
4055,4056
2436,4056
900,4057
4056,4057
1997,4058
4057,4058
2181,4059
4058,4059
1906,4060
4059,4060
2363,4061
4060,4061
4061,4062
5722,4062
1801,4063
4062,4063
4063,4064
2597,4064
2063,4065
4064,4065
4065,4066
2634,4066
2540,4067
4066,4067
2541,4068
4067,4068
4068,4069
2815,4069
4069,4070
2908,4070
4070,4071
2976,4071
4071,4072
2977,4072
1910,4073
4072,4073
4073,4074
2816,4074
2570,4075
4074,4075
2542,4076
4075,4076
2909,4076
4076,4077
2978,4077
4077,4078
2966,4078
4078,4079
2934,4079
2067,4080
4079,4080
1999,4081
4080,4081
4081,4082
2910,4082
2867,4082
1757,4083
4082,4083
4083,4084
2817,4084
2320,4085
4084,4085
4085,4086
6176,4086
2608,4087
4086,4087
2184,4088
4087,4088
2234,4089
4088,4089
4089,4090
2818,4090
4090,4091
2019,4091
4091,4092
2995,4092
4092,4093
2819,4093
4093,4094
3189,4094
2609,4095
4094,4095
4095,4096
3024,4096
4096,4097
3315,4097
4097,4098
2868,4098
2396,4099
4098,4099
4099,4100
3230,4100
4100,4101
3245,4101
2750,4102
4101,4102
2664,4103
4102,4103
4103,4104
3106,4104
2624,4105
4104,4105
2820,4105
2572,4106
4105,4106
4106,4107
3040,4107
2397,4108
4107,4108
4108,4109
3008,4109
2666,4110
4109,4110
4110,4111
2980,4111
4111,4112
2888,4112
2981,4112
4112,4113
3769,4113
2143,4114
4113,4114
4114,4115
2869,4115
4115,4116
2847,4116
2967,4116
2751,4117
4116,4117
4117,4118
2935,4118
4118,4119
2982,4119
4119,4120
3394,4120
4120,4121
3377,4121
4121,4122
3560,4122
2719,4123
4122,4123
4123,4124
3122,4124
4124,4125
3108,4125
3042,4126
4125,4126
4126,4127
4402,4127
2768,4128
4127,4128
4128,4129
3590,4129
4129,4130
3246,4130
2752,4131
4130,4131
4131,4132
3190,4132
4132,4133
3265,4133
4133,4134
3123,4134
2709,4135
4134,4135
4135,4136
3470,4136
4136,4137
3191,4137
2996,4138
4137,4138
4138,4139
3084,4139
4139,4140
3109,4140
2870,4141
4140,4141
2889,4142
4141,4142
4142,4143
3266,4143
4143,4144
2997,4144
4144,4145
4943,4145
4145,4146
3660,4146
4146,4147
3620,4147
4147,4148
3690,4148
3058,4149
4148,4149
2984,4150
4149,4150
3059,4151
4150,4151
4151,4152
3267,4152
4152,4153
3337,4153
2671,4154
4153,4154
2968,4155
4154,4155
4155,4156
3356,4156
2969,4157
4156,4157
4157,4158
5174,4158
2824,4159
4158,4159
4159,4160
3011,4160
4160,4161
2834,4161
2848,4161
2331,4162
4161,4162
2200,4163
4162,4163
2048,4164
4163,4164
3381,4164
4164,4165
2722,4165
4165,4166
2849,4166
2201,4167
4166,4167
2299,4168
4167,4168
2612,4168
4168,4169
2601,4169
4169,4170
2674,4170
2151,4171
4170,4171
1924,4172
4171,4172
2270,4173
4172,4173
4178,4179
4405,4179
4470,4181
4248,4181
4247,4182
4181,4182
4182,4183
3948,4183
3774,4184
4183,4184
4184,4185
3840,4185
3823,4188
3863,4188
4188,4189
3961,4189
3866,4190
3998,4190
4294,4195
4345,4195
4194,4196
4195,4196
3921,4197
4196,4197
4386,4206
4284,4206
4270,4211
4801,4211
4211,4212
4242,4212
3839,4213
4212,4213
4213,4214
4200,4214
3692,4215
4214,4215
4215,4216
3647,4216
3592,4217
4216,4217
3722,4218
4217,4218
3485,4219
4218,4219
2999,4220
4219,4220
2914,4221
4220,4221
4387,4231
4416,4231
4296,4238
4404,4238
4238,4239
4268,4239
4239,4240
4198,4240
4240,4241
3946,4241
4517,4244
4487,4244
4009,4245
4244,4245
4245,4246
4223,4246
4224,4248
4407,4248
4186,4250
4249,4250
4385,4260
4494,4260
4205,4261
4260,4261
4192,4262
4232,4262
4262,4263
4359,4263
3937,4265
4235,4265
4180,4269
4373,4269
4269,4270
4374,4270
4273,4274
4409,4274
4274,4275
4354,4275
4017,4279
4333,4279
3960,4280
4279,4280
3780,4281
4280,4281
4435,4285
4459,4285
4285,4286
4338,4286
4288,4289
4417,4289
4499,4293
4403,4293
3800,4297
4010,4297
5475,4297
3991,4298
4297,4298
4298,4299
5201,4299
4518,4299
4299,4300
4504,4300
3949,4301
4300,4301
4301,4302
4503,4302
4623,4303
4302,4303
3568,4304
4303,4304
3594,4305
4304,4305
3990,4305
4305,4306
4185,4306
3385,4307
4306,4307
3299,4308
4307,4308
4308,4309
3552,4309
3194,4310
4309,4310
3593,4310
3062,4311
4310,4311
3471,4312
4311,4312
3111,4313
4312,4313
4313,4314
3339,4314
4314,4315
3384,4315
3087,4316
4315,4316
4316,4317
3564,4317
4317,4318
3298,4318
2928,4319
4318,4319
4319,4320
3367,4320
4320,4321
3366,4321
2874,4322
4321,4322
4322,4323
3365,4323
2893,4324
4323,4324
2873,4325
4324,4325
4325,4326
3000,4326
4530,4328
4410,4328
4252,4329
4328,4329
4255,4331
4355,4331
4331,4332
4476,4332
4496,4335
4457,4335
4191,4336
4335,4336
4512,4342
4419,4342
3920,4343
4342,4343
3876,4344
4343,4344
4422,4347
4423,4347
4347,4348
4421,4348
4257,4358
4415,4358
4234,4361
4390,4361
4361,4362
4525,4362
4362,4363
4722,4363
4340,4364
4480,4364
4006,4365
4364,4365
3975,4365
4365,4366
3849,4366
3685,4367
4366,4367
4467,4369
4438,4369
4292,4370
4369,4370
4370,4371
4556,4371
4371,4372
4439,4372
4528,4374
4583,4374
4376,4375
4501,4375
4227,4378
4430,4378
3964,4379
4358,4379
4379,4380
4493,4380
4380,4381
4548,4381
4258,4382
4381,4382
4678,4391
4582,4391
4341,4392
4391,4392
4237,4393
4392,4393
4393,4394
4293,4394
3941,4395
4394,4395
4395,4396
4344,4396
4396,4397
3738,4397
3794,4398
4397,4398
4398,4399
3739,4399
3535,4400
3793,4400
4399,4400
4400,4401
3483,4401
4401,4402
3740,4402
4189,4413
4378,4413
4281,4414
4413,4414
4357,4431
4228,4431
4592,4432
4431,4432
4432,4433
4593,4433
4523,4434
4550,4434
4495,4434
4350,4442
4563,4442
4406,4443
4468,4443
4351,4444
4443,4444
4353,4446
4377,4446
4428,4447
4446,4447
4447,4448
4628,4448
4427,4449
4448,4449
4426,4450
4449,4450
4352,4451
4450,4451
4451,4452
4586,4452
4489,4453
4452,4453
4691,4456
4575,4456
4337,4457
4456,4457
4569,4463
4600,4463
4481,4464
4463,4464
4368,4465
4464,4465
4502,4469
4616,4469
4425,4470
4469,4470
4541,4473
4588,4473
4412,4474
4473,4474
4520,4474
4276,4475
4474,4475
4529,4488
4806,4488
4596,4496
4574,4496
4263,4497
4580,4497
4259,4508
4283,4508
4490,4532
4531,4532
4532,4533
4411,4533
4533,4534
4645,4534
4505,4535
4534,4535
4454,4536
4506,4536
4535,4536
4536,4537
4429,4537
4537,4538
4920,4538
4538,4539
5072,4539
4507,4542
4572,4542
4477,4543
4542,4543
4543,4544
4478,4544
4455,4545
4492,4545
4590,4546
4545,4546
4389,4564
4631,4564
4526,4570
4513,4570
4552,4578
4666,4578
4510,4579
4578,4579
4388,4580
4579,4580
4604,4582
4725,4582
4516,4585
4642,4585
4460,4597
4564,4597
4740,4597
4436,4598
4597,4598
4792,4601
4765,4601
4633,4602
4601,4602
4440,4603
4602,4603
4482,4603
4656,4608
4775,4608
4561,4609
4608,4609
4527,4610
4609,4610
4349,4611
4610,4611
4611,4612
4424,4612
4641,4614
4844,4614
5097,4617
4804,4617
4471,4618
4617,4618
4618,4619
4643,4619
4472,4620
4619,4620
4408,4621
4620,4621
4250,4622
4621,4622
4622,4623
4271,4623
4915,4635
4726,4635
4635,4636
4638,4636
4558,4637
4636,4637
4705,4643
4661,4643
4595,4647
4522,4647
4549,4648
4630,4648
4653,4654
4766,4654
4560,4655
4727,4655
4698,4659
4730,4659
4491,4662
4589,4662
4674,4670
4791,4670
4669,4671
4670,4671
4511,4672
4671,4672
4581,4673
4672,4673
4679,4676
4793,4676
4742,4677
4676,4677
4651,4678
4677,4678
4570,4680
4842,4680
4540,4685
4519,4685
4587,4685
4685,4686
4707,4686
4544,4688
4662,4688
4688,4689
4761,4689
4693,4692
5041,4692
5026,4697
5109,4697
4744,4699
4888,4699
4699,4700
4758,4700
4700,4701
4682,4701
4584,4702
4701,4702
4702,4703
4515,4703
4243,4704
4703,4704
4647,4709
4648,4709
4650,4711
4741,4711
4827,4711
4567,4712
4711,4712
4566,4713
4712,4713
4789,4714
4828,4714
4667,4715
4714,4715
4553,4716
4715,4716
4524,4716
4462,4717
4716,4717
4363,4718
4717,4718
4290,4719
4718,4719
4719,4720
4418,4720
4289,4721
4720,4721
4599,4723
4668,4723
4743,4728
4944,4728
4640,4729
4728,4729
4710,4739
4825,4739
4739,4740
4764,4740
4690,4750
4737,4750
4883,4767
5189,4767
4655,4768
4767,4768
4654,4769
4768,4769
4607,4770
4769,4770
4500,4771
4770,4771
4420,4772
4771,4772
4559,4773
4772,4773
4348,4774
4773,4774
4687,4781
4733,4781
4781,4782
4760,4782
4709,4785
4821,4785
4879,4789
5043,4789
4829,4790
5045,4790
5069,4796
4886,4796
4696,4797
4796,4797
4797,4798
4697,4798
4798,4799
4614,4799
4442,4800
4799,4800
4486,4801
4800,4801
5071,4803
5027,4803
4803,4804
4805,4804
4732,4807
4748,4807
4807,4808
5029,4808
4780,4809
4808,4809
4923,4811
5004,4811
4785,4812
5079,4812
4812,4813
4893,4813
5078,4813
4573,4814
4813,4814
4735,4815
4811,4815
4814,4815
4509,4816
4815,4816
4816,4817
4384,4817
4750,4818
4895,4818
4736,4819
4818,4819
4819,4820
5005,4820
4820,4821
4924,4821
4664,4823
4763,4823
4972,4828
4973,4828
4754,4830
4900,4830
4830,4831
5082,4831
4724,4832
4831,4832
4832,4833
4899,4833
4675,4834
4833,4834
4632,4835
4834,4835
4555,4836
4835,4836
4880,4837
4914,4837
4652,4838
4837,4838
4605,4839
4838,4839
4606,4840
4839,4840
4634,4841
4840,4841
4841,4842
4755,4842
5379,4845
5292,4845
4762,4846
4845,4846
4546,4847
4846,4847
4521,4848
4847,4848
4848,4849
5178,4849
4849,4850
4921,4850
4414,4851
4850,4851
4591,4852
4851,4852
4547,4853
4852,4853
4853,4854
5075,4854
4854,4855
4810,4855
4646,4856
4855,4856
4856,4857
5643,4857
4433,4858
4857,4858
4858,4859
5003,4859
4859,4860
5102,4860
4594,4861
4860,4861
4861,4862
5395,4862
4862,4863
5076,4863
4863,4864
4892,4864
4382,4865
4864,4865
4282,4866
4865,4866
4508,4867
4866,4867
4867,4868
4708,4868
4868,4869
4783,4869
3968,4870
4869,4870
4479,4871
4870,4871
4871,4872
4734,4872
4383,4873
4872,4873
4873,4874
4663,4874
4334,4875
4874,4875
4875,4876
6329,4876
4629,4876
4190,4877
4876,4877
3867,4878
4877,4878
5088,4883
5133,4883
4946,4886
5108,4886
4896,4894
5007,4894
4894,4895
5006,4895
4917,4901
4987,4901
4901,4902
5025,4902
4776,4903
4902,4903
4905,4904
5089,4904
4779,4907
4891,4907
5119,4909
5009,4909
5120,4910
5012,4910
4913,4911
4910,4911
4787,4912
4911,4912
4824,4925
5010,4925
5086,4931
5222,4931
5557,4931
4881,4932
4931,4932
4932,4933
4882,4933
4680,4934
4933,4934
4483,4935
4934,4935
4935,4936
4637,4936
3945,4937
4936,4937
4937,4938
4267,4938
4938,4939
4774,4939
3673,4940
4939,4940
4940,4941
3853,4941
3484,4942
3505,4942
4941,4942
3410,4943
4942,4943
5193,4947
5070,4947
4947,4948
5110,4948
4887,4949
4948,4949
4949,4950
4904,4950
4681,4951
4950,4951
4571,4952
4951,4952
4659,4952
4952,4953
4615,4953
4444,4954
4953,4954
4954,4955
4375,4955
3947,4956
4955,4956
3816,4957
4956,4957
4957,4958
3817,4958
4759,4960
4906,4960
4890,4961
4960,4961
4961,4962
5237,4962
4962,4963
5141,4963
4963,4964
5333,4964
5001,4965
4964,4965
4747,4966
4965,4966
4686,4967
4539,4967
4967,4968
4907,4968
4968,4969
5100,4969
5142,4970
4969,4970
5305,4974
5452,4974
4974,4975
5271,4975
5131,4976
4975,4976
4836,4977
4976,4977
5023,4978
4977,4978
4554,4979
4978,4979
4979,4980
4466,4980
4437,4981
4980,4981
4291,4982
4981,4982
4982,4983
4465,4983
5194,4989
5232,4989
4802,4990
4989,4990
4990,4991
4660,4991
4745,4992
4991,4992
4683,4993
4992,4993
4993,4994
4585,4994
4994,4995
4445,4995
4704,4996
4995,4996
4822,5008
4786,5008
5017,5018
5284,5018
5018,5019
5209,5019
5019,5020
5130,5020
5020,5021
5181,5021
4753,5022
5021,5022
4694,5023
5022,5023
5008,5031
5340,5031
5031,5032
5180,5032
5032,5033
4909,5033
4823,5034
5033,5034
4665,5035
5034,5035
5035,5036
4751,5036
4576,5037
5036,5037
4551,5038
5037,5038
5038,5039
4649,5039
4339,5040
5039,5040
4926,5042
5103,5042
5105,5047
5226,5047
4988,5048
5047,5048
5048,5049
4945,5049
5049,5050
4885,5050
4757,5051
4884,5051
5050,5051
4695,5052
5051,5052
4795,5052
4657,5053
5052,5053
4658,5053
5053,5054
4562,5054
4613,5055
5054,5055
5055,5056
4485,5056
4209,5057
5056,5057
5057,5058
4210,5058
4179,5059
5058,5059
5059,5060
3879,5060
3742,5061
5060,5061
5061,5062
3795,5062
3538,5063
5062,5063
5063,5064
3691,5064
3395,5065
5064,5065
3268,5066
5065,5066
5106,5067
5275,5067
5067,5068
5107,5068
4843,5069
5068,5069
5330,5070
5228,5070
5143,5074
5334,5074
5074,5075
5002,5075
5115,5076
5260,5076
5840,5079
5337,5079
5024,5083
5132,5083
4929,5084
5083,5084
4930,5085
5084,5085
5091,5092
5277,5092
5092,5093
5134,5093
5093,5094
4997,5094
4746,5095
5094,5095
4684,5096
5095,5096
5096,5097
4919,5097
4809,5101
4782,5101
5190,5105
5364,5105
5098,5111
5233,5111
4998,5112
5111,5112
4959,5113
5112,5113
4777,5114
5113,5114
5205,5117
5317,5117
5117,5118
5030,5118
5263,5121
5246,5121
5042,5122
5121,5122
5146,5123
5122,5123
4971,5124
5123,5124
4826,5125
5124,5125
5016,5126
5125,5126
4713,5127
5126,5127
4461,5128
5127,5128
4565,5129
5128,5129
5099,5135
5332,5135
4999,5136
5135,5136
5136,5137
5312,5137
5137,5138
5289,5138
4889,5139
5138,5139
5257,5140
5139,5140
5183,5147
5251,5147
4927,5148
5147,5148
4928,5149
5148,5149
5046,5150
5149,5150
5087,5153
5104,5153
5225,5155
5420,5155
5328,5155
5155,5156
5346,5156
5156,5157
4918,5157
4903,5158
5157,5158
5158,5159
4756,5159
4639,5160
5159,5160
5160,5161
4729,5161
4484,5162
5161,5162
5162,5163
4514,5163
5163,5164
4441,5164
4612,5165
5164,5165
5165,5166
3986,5166
3855,5167
5166,5167
5167,5168
3815,5168
5168,5169
3674,5169
5169,5170
3591,5170
3741,5171
5170,5171
5171,5172
3412,5172
3537,5173
5172,5173
3316,5173
3124,5174
5173,5174
5224,5184
5287,5184
5184,5185
5274,5185
4916,5186
5185,5186
5186,5187
5223,5187
5154,5188
5187,5188
4794,5189
5188,5189
5191,5192
5329,5192
5192,5193
5227,5193
5090,5194
5255,5194
5311,5196
5404,5196
5365,5196
5196,5197
5176,5197
5197,5198
5140,5198
5114,5199
5198,5199
4644,5200
5199,5200
5200,5201
4731,5201
5150,5210
5360,5210
4984,5211
5210,5211
4985,5212
5211,5212
4986,5213
5212,5213
5362,5213
5213,5214
5363,5214
5252,5215
5214,5215
5215,5216
5386,5216
5216,5217
5627,5217
5217,5218
5779,5218
5273,5219
5218,5219
5219,5220
5582,5220
5220,5221
5453,5221
5085,5222
5221,5222
5254,5226
5288,5226
5306,5229
5331,5229
5229,5230
5256,5230
5230,5231
5195,5231
5276,5232
5231,5232
5366,5234
5522,5234
5202,5235
5234,5235
5235,5236
5028,5236
5144,5241
5298,5241
5429,5246
5300,5246
5250,5247
5354,5247
5325,5248
5247,5248
4898,5249
5248,5249
5151,5252
5152,5252
5145,5262
5282,5262
5245,5263
5341,5263
5208,5264
5301,5264
5264,5265
5269,5265
5265,5266
5270,5266
5044,5267
5266,5267
4752,5268
5267,5268
5182,5285
5272,5285
5895,5290
5349,5290
5290,5291
5203,5291
5291,5292
5073,5292
5116,5296
5077,5296
5285,5303
5356,5303
5491,5304
5303,5304
5081,5305
5304,5305
5278,5307
5389,5307
5307,5308
5456,5308
5308,5309
5483,5309
5309,5310
5457,5310
5310,5311
5458,5311
5258,5313
5177,5313
5313,5314
5279,5314
5548,5318
5511,5318
5244,5319
5318,5319
5013,5320
5319,5320
5014,5321
5320,5321
5321,5322
5323,5322
5387,5328
5388,5328
5410,5335
5509,5335
5241,5336
5335,5336
5336,5337
5281,5337
5411,5338
5481,5338
5242,5339
5338,5339
5339,5340
5243,5340
5347,5344
5455,5344
5175,5345
5344,5345
5345,5346
5495,5346
5390,5349
5544,5349
5295,5350
5261,5350
5492,5355
5416,5355
5357,5356
5355,5356
5520,5358
5581,5358
5358,5359
5361,5359
5286,5360
5359,5360
5348,5365
5421,5365
5975,5367
5634,5367
5238,5368
5367,5368
5239,5369
5368,5369
5573,5369
4970,5370
5369,5370
5370,5371
5541,5371
5371,5372
5424,5372
5372,5373
5734,5373
5101,5374
5373,5374
5374,5375
5524,5375
4908,5376
5375,5376
5376,5377
5496,5377
4689,5378
5377,5378
4749,5379
5378,5379
5299,5380
5382,5380
5206,5381
5380,5381
5401,5384
5518,5384
5384,5385
5519,5385
5391,5390
5497,5390
5425,5392
5499,5392
5293,5393
5392,5393
5393,5394
5426,5394
5394,5395
5294,5395
5587,5409
5507,5409
5408,5410
5409,5410
5403,5417
5521,5417
5417,5418
5539,5418
5343,5419
5418,5419
5419,5420
5454,5420
6125,5432
5747,5432
5400,5433
5432,5433
5324,5434
5433,5434
5434,5435
5352,5435
5435,5436
5353,5436
5268,5437
5436,5437
4723,5438
5437,5438
4568,5439
5438,5439
5439,5440
5249,5440
5440,5441
4790,5441
4498,5442
5441,5442
5442,5443
4673,5443
4265,5444
5443,5444
3938,5445
5444,5445
3850,5446
5445,5446
5446,5447
3918,5447
5447,5448
4266,5448
5665,5450
5655,5450
5385,5451
5450,5451
5302,5452
5451,5452
5611,5460
5683,5460
5766,5461
5460,5461
5459,5462
5461,5462
4966,5463
5462,5463
5000,5464
5463,5464
5464,5465
5405,5465
5236,5466
5465,5466
5466,5467
4453,5467
4778,5468
5467,5468
4627,5469
5468,5469
4706,5470
5469,5470
4626,5471
5470,5471
4251,5472
4272,5472
5471,5472
5472,5473
4625,5473
5473,5474
4488,5474
5474,5475
4624,5475
5485,5477
5526,5477
5506,5478
5528,5478
5396,5479
5478,5479
5240,5480
5479,5480
5412,5487
5614,5487
5487,5488
5398,5488
5488,5489
5579,5489
5545,5500
5903,5500
5500,5501
5658,5501
5351,5502
5501,5502
5527,5503
5502,5503
5280,5504
5503,5504
5179,5505
5504,5505
5646,5508
5601,5508
5602,5509
5508,5509
5430,5513
5530,5513
5431,5514
5513,5514
5383,5515
5514,5515
5399,5516
5515,5516
5406,5523
5476,5523
5572,5523
5596,5533
5628,5533
5533,5534
5629,5534
5494,5535
5597,5535
5402,5536
5535,5536
5327,5537
5536,5537
5342,5538
5537,5538
5525,5542
5575,5542
5484,5543
5542,5543
5612,5544
5576,5544
5427,5545
5546,5545
5730,5552
5631,5552
5538,5553
5552,5553
5253,5554
5553,5554
5554,5555
5672,5555
5153,5556
5555,5556
5556,5557
5326,5557
5534,5557
5510,5561
5547,5561
5550,5562
5604,5562
5415,5563
5562,5563
5449,5564
5563,5564
5564,5565
5663,5565
5565,5566
5748,5566
5829,5577
5644,5577
5619,5588
5678,5588
5512,5589
5588,5589
5589,5590
5580,5590
5549,5591
5865,5591
5529,5592
5591,5592
5413,5593
5592,5593
5490,5594
5593,5594
5559,5600
5578,5600
5632,5606
5752,5606
5606,5607
5798,5607
5540,5608
5607,5608
5608,5609
5821,5609
5609,5610
5751,5610
5422,5611
5610,5611
5791,5615
5817,5615
5561,5616
5615,5616
5724,5617
5616,5617
5617,5618
5482,5618
5595,5621
5666,5621
5621,5622
5727,5622
5532,5623
5622,5623
5623,5624
5667,5624
5624,5625
5750,5625
5493,5626
5625,5626
5626,5627
5681,5627
5656,5630
5682,5630
5570,5631
5630,5631
5998,5633
5767,5633
5633,5634
5598,5634
5786,5635
5855,5635
5635,5636
5577,5636
5636,5637
5558,5637
5498,5638
5637,5638
5638,5639
5477,5639
5315,5640
5639,5640
5640,5641
5316,5641
5641,5642
5259,5642
5204,5643
5642,5643
5605,5651
5749,5651
5568,5652
5651,5652
5652,5653
5760,5653
5531,5654
5653,5654
5680,5655
5654,5655
5620,5664
5726,5664
5567,5665
5664,5665
5729,5669
5761,5669
5669,5670
5762,5670
5551,5671
5670,5671
5671,5672
5569,5672
5780,5683
5807,5683
5738,5685
5858,5685
5685,5686
5857,5686
5990,5687
5906,5687
5687,5688
5772,5688
5489,5689
5688,5689
5689,5690
5723,5690
5428,5691
5690,5691
5691,5692
5560,5692
5262,5693
5692,5693
5693,5694
5618,5694
5381,5695
5694,5695
5695,5696
5011,5696
4925,5697
5696,5697
4738,5698
5697,5698
5698,5699
4897,5699
4577,5700
5699,5700
5700,5701
4912,5701
4208,5702
5701,5702
4497,5702
4003,5703
5702,5703
5040,5704
5703,5704
5704,5705
3871,5705
3915,5706
5705,5706
3970,5707
5706,5707
3786,5708
5707,5708
3477,5709
3585,5709
5708,5709
5709,5710
3827,5710
3435,5711
5710,5711
3290,5712
5711,5712
5712,5713
3614,5713
3183,5714
5713,5714
5714,5715
3835,5715
2964,5716
5715,5716
2924,5717
5716,5717
5717,5718
3226,5718
3291,5718
5718,5719
3448,5719
2833,5720
5719,5720
2865,5720
2692,5721
5720,5721
5721,5722
2749,5722
5796,5730
5797,5730
5849,5731
6021,5731
5584,5732
5731,5732
5732,5733
5801,5733
5733,5734
5574,5734
5781,5735
5851,5735
5735,5736
5886,5736
5566,5741
5846,5741
5773,5742
5741,5742
5517,5743
5742,5743
5743,5744
5662,5744
5744,5745
5661,5745
5876,5746
5745,5746
5414,5747
5746,5747
5755,5756
5873,5756
5603,5757
5756,5757
5649,5758
5757,5758
5650,5759
5758,5759
5673,5763
5826,5763
5763,5764
5820,5764
5764,5765
5861,5765
5571,5766
5765,5766
5799,5767
5822,5767
5819,5775
5825,5775
5775,5776
5795,5776
5774,5777
5776,5777
5668,5778
5777,5778
5778,5779
5728,5779
5782,5783
5852,5783
5783,5784
5896,5784
5784,5785
5803,5785
5599,5786
5785,5786
5768,5786
5804,5787
5830,5787
5613,5788
5787,5788
5788,5789
5657,5789
5770,5790
5832,5790
5806,5791
5932,5791
5802,5800
5868,5800
5867,5801
5800,5801
5856,5811
5965,5811
5684,5812
5811,5812
5812,5813
5831,5813
5725,5814
5740,5814
5814,5815
5947,5815
5677,5816
5815,5816
5647,5817
5816,5817
5912,5833
5862,5833
5790,5834
5833,5834
5645,5835
5834,5835
5835,5836
5931,5836
5836,5837
5686,5837
5837,5838
5397,5838
5480,5839
5838,5839
5839,5840
5297,5840
5859,5841
5739,5841
5882,5841
5841,5842
5844,5842
5842,5843
6004,5843
5794,5845
5923,5845
6014,5846
5845,5846
5924,5847
5949,5847
5809,5848
5847,5848
5675,5849
5848,5849
5897,5853
5877,5853
5853,5854
5878,5854
5854,5855
5879,5855
6070,5862
5904,5862
5883,5871
5913,5871
5983,5874
5936,5874
5909,5875
5874,5875
5824,5876
5875,5876
5950,5887
5963,5887
5887,5888
5910,5888
5940,5889
5953,5889
5810,5890
5889,5890
5888,5891
5890,5891
5891,5892
5676,5892
5736,5893
5892,5893
5893,5894
5585,5894
5543,5895
5894,5895
5927,5899
5958,5899
5899,5900
5945,5900
5900,5901
5869,5901
5805,5902
5901,5902
5902,5903
5737,5903
6054,5906
5871,5906
5959,5911
6026,5911
5981,5912
5911,5912
5914,5915
5962,5915
5864,5916
5915,5916
5860,5917
5916,5917
5885,5919
5935,5919
5818,5920
5919,5920
5679,5921
5920,5921
5648,5922
5921,5922
6002,5926
5956,5926
6003,5928
5960,5928
5928,5929
5870,5929
5863,5930
5966,5930
5929,5930
5659,5931
5930,5931
6115,5933
6043,5933
5884,5934
5933,5934
5951,5940
6007,5940
5954,5952
6001,5952
5977,5953
5952,5953
5880,5955
5898,5955
6005,5967
6034,5967
5967,5968
5976,5968
5937,5969
5968,5969
5969,5970
5828,5970
5827,5971
5970,5971
5971,5972
5674,5972
5523,5973
5972,5973
5423,5974
5973,5974
5583,5974
5314,5975
5974,5975
5843,5985
6012,5985
5985,5986
6041,5986
5905,5987
5986,5987
5771,5988
5987,5988
5988,5989
5961,5989
5660,5990
5989,5990
6058,5993
6110,5993
5938,5994
5993,5994
5994,5995
6059,5995
5995,5996
5999,5996
5808,5997
5996,5997
5753,5998
5997,5998
6056,6005
6126,6005
6081,6009
6190,6009
6090,6012
6047,6012
6073,6016
6100,6016
6015,6017
6016,6017
6017,6018
6046,6018
6018,6019
5925,6019
5866,6020
6019,6020
6020,6021
5850,6021
5941,6024
6040,6024
6098,6033
6099,6033
6033,6034
6057,6034
6022,6035
6127,6035
5964,6036
5978,6036
6036,6037
6008,6037
6037,6038
6105,6038
6038,6039
5979,6039
6109,6041
5991,6041
6028,6048
6071,6048
6048,6049
6186,6049
6013,6050
6049,6050
6050,6051
6113,6051
6225,6052
6051,6052
6027,6053
6052,6053
5946,6054
6053,6054
6092,6055
6198,6055
6000,6060
5939,6060
6089,6062
6184,6062
5980,6063
6062,6063
6063,6064
6204,6064
6064,6065
6082,6065
6009,6066
6065,6066
5984,6067
6066,6067
6067,6068
5957,6068
5944,6069
6068,6069
6031,6072
5982,6072
6035,6074
6060,6074
6111,6075
6074,6075
6075,6076
6130,6076
6076,6077
6229,6077
6077,6078
6256,6078
6222,6079
6078,6079
6136,6083
6135,6083
6083,6084
6185,6084
6025,6085
6084,6085
6085,6086
6134,6086
6011,6087
6086,6087
6087,6088
6197,6088
6010,6089
6088,6089
6029,6091
6030,6091
6194,6093
6187,6093
6093,6094
6032,6094
6045,6095
6094,6095
6044,6096
6095,6096
5908,6097
6096,6097
6182,6106
6178,6106
6133,6107
6106,6107
6107,6108
6061,6108
6072,6116
6245,6116
6116,6117
6217,6117
6117,6118
6255,6118
6118,6119
6193,6119
6119,6120
6055,6120
5907,6121
6120,6121
5759,6122
6121,6122
6097,6122
6122,6123
5823,6123
6123,6124
5793,6124
5516,6125
6124,6125
6006,6128
6177,6128
6023,6129
6128,6129
6129,6130
6209,6130
6091,6137
6192,6137
6137,6138
6240,6138
5992,6139
6138,6139
6139,6140
6114,6140
6140,6141
5948,6141
5917,6142
6141,6142
5792,6143
6142,6143
6143,6144
5934,6144
6144,6145
5918,6145
5754,6146
6145,6146
6146,6147
5872,6147
6147,6148
5922,6148
6148,6149
5594,6149
5590,6150
6149,6150
6150,6151
5283,6151
6151,6152
5207,6152
5322,6153
6152,6153
5015,6154
6153,6154
4788,6155
6154,6155
6155,6156
5080,6156
4598,6157
6156,6157
6157,6158
4692,6158
6158,6159
5129,6159
3973,6160
6159,6160
6160,6161
4233,6161
3790,6162
6161,6162
6162,6163
3837,6163
6163,6164
4721,6164
3449,6165
3618,6165
6164,6165
6165,6166
3848,6166
6166,6167
4005,6167
6167,6168
3791,6168
6168,6169
3757,6169
6169,6170
3645,6170
6170,6171
3657,6171
6171,6172
3450,6172
3244,6173
6172,6173
6173,6174
3533,6174
6174,6175
3007,6175
2979,6176
6175,6176
6102,6179
6101,6179
6103,6180
6179,6180
6104,6181
6180,6181
6196,6183
6224,6183
6205,6184
6183,6184
6226,6191
6216,6191
6042,6192
6191,6192
6236,6202
6223,6202
6215,6203
6202,6203
6112,6204
6203,6204
6206,6211
6227,6211
6211,6212
6242,6212
6212,6213
6241,6213
6199,6219
6200,6219
6195,6220
6219,6220
6235,6232
6268,6232
6231,6233
6232,6233
6201,6234
6233,6234
6253,6238
6246,6238
6237,6239
6238,6239
6239,6240
6213,6240
6254,6243
6260,6243
6265,6244
6243,6244
6244,6245
6207,6245
6287,6246
6283,6246
6218,6247
6228,6247
6188,6248
6247,6248
6248,6249
6189,6249
6249,6250
6284,6250
6250,6251
6338,6251
6269,6253
6273,6253
6210,6257
6214,6257
6208,6261
6221,6261
6267,6263
6282,6263
6272,6264
6263,6264
6220,6275
6251,6275
6270,6276
6275,6276
6274,6277
6276,6277
6277,6278
6336,6278
6281,6279
6278,6279
6279,6280
6339,6280
6280,6288
6340,6288
6261,6289
6288,6289
6079,6290
6289,6290
6290,6291
6348,6291
6291,6292
6346,6292
6252,6293
6292,6293
6257,6294
6293,6294
6294,6295
6355,6295
6295,6296
6331,6296
6230,6297
6296,6297
6258,6298
6297,6298
6298,6299
6330,6299
6271,6300
6299,6300
6300,6301
6334,6301
6259,6302
6301,6302
6181,6303
6302,6303
6303,6304
6266,6304
6039,6305
6304,6305
6305,6306
6262,6306
6306,6307
6264,6307
6131,6308
6307,6308
5955,6309
6024,6309
6308,6309
6309,6310
6132,6310
6310,6311
6234,6311
5942,6312
6311,6312
6312,6313
6080,6313
6313,6314
6108,6314
5789,6315
6314,6315
6315,6316
5943,6316
5769,6317
6316,6317
6317,6318
5926,6318
6318,6319
5881,6319
6319,6320
6069,6320
5600,6321
6320,6321
5407,6322
6321,6322
5813,6322
5350,6323
6322,6323
6323,6324
5586,6324
5296,6325
6324,6325
6325,6326
5486,6326
4922,6327
6326,6327
5505,6327
6327,6328
5118,6328
6328,6329
4784,6329
6337,6330
6332,6330
6350,6332
6343,6332
6286,6333
6335,6333
6285,6334
6333,6334
6344,6334
6349,6337
6347,6337
6342,6340
6354,6340
6345,6342
6351,6342
6358,6352
6357,6352
6356,6353
6352,6353
6341,6354
6353,6354
